{
    "batch_size": 64,
    "learning_rate": [
        0.0010000000474974513,
        0.0010000000474974513,
        0.0010000000474974513,
        0.0010000000474974513,
        0.0010000000474974513,
        0.0010000000474974513,
        0.0010000000474974513,
        0.0010000000474974513,
        0.0010000000474974513,
        0.0010000000474974513,
        0.0010000000474974513,
        0.0010000000474974513,
        0.0010000000474974513,
        0.0010000000474974513,
        0.0010000000474974513,
        9.999999747378752e-05,
        9.999999747378752e-05,
        9.999999747378752e-05,
        9.999999747378752e-05,
        9.999999747378752e-05,
        9.999999747378752e-05,
        9.999999747378752e-05,
        9.999999747378752e-06,
        9.999999747378752e-06,
        9.999999747378752e-06,
        9.999999747378752e-06,
        9.999999747378752e-06,
        9.999999747378752e-06,
        9.999999747378752e-06,
        9.999999747378752e-06
    ],
    "nb_epoch": 30,
    "optimizer": {
        "amsgrad": false,
        "beta_1": 0.8999999761581421,
        "beta_2": 0.9990000128746033,
        "decay": 0.0,
        "epsilon": 1e-08,
        "lr": 9.999999747378752e-06
    },
    "test_loss": [
        [
            4.067604532623291,
            0.0843
        ],
        [
            3.920796788787842,
            0.105
        ],
        [
            3.8522185153961184,
            0.117
        ],
        [
            3.6981721546173096,
            0.1392
        ],
        [
            3.5541454944610598,
            0.1627
        ],
        [
            3.4641010955810545,
            0.1786
        ],
        [
            3.412099763870239,
            0.1917
        ],
        [
            3.3935019702911378,
            0.1953
        ],
        [
            3.3843649906158446,
            0.1967
        ],
        [
            3.4106394023895263,
            0.1968
        ],
        [
            3.3648453220367434,
            0.2014
        ],
        [
            3.4044709701538087,
            0.1987
        ],
        [
            3.3851762676239012,
            0.2008
        ],
        [
            3.4471116283416747,
            0.1937
        ],
        [
            3.2957845748901367,
            0.215
        ],
        [
            3.1901299713134765,
            0.2372
        ],
        [
            3.1762779315948486,
            0.2399
        ],
        [
            3.18087580947876,
            0.2398
        ],
        [
            3.1704522609710692,
            0.2418
        ],
        [
            3.1796164051055906,
            0.239
        ],
        [
            3.174017887496948,
            0.2413
        ],
        [
            3.172473523712158,
            0.2406
        ],
        [
            3.1707848388671875,
            0.2427
        ],
        [
            3.171021496963501,
            0.243
        ],
        [
            3.168678148651123,
            0.2433
        ],
        [
            3.1667952186584474,
            0.244
        ],
        [
            3.167708617401123,
            0.2433
        ],
        [
            3.168546966171265,
            0.2438
        ],
        [
            3.167732124328613,
            0.2436
        ],
        [
            3.1662009883880615,
            0.2436
        ]
    ],
    "train_loss": [
        [
            4.2382965087890625,
            0.0669986680150032
        ],
        [
            3.937340259552002,
            0.10338323563337326
        ],
        [
            3.7694997787475586,
            0.12724502384662628
        ],
        [
            3.634597063064575,
            0.15050478279590607
        ],
        [
            3.5218794345855713,
            0.17118431627750397
        ],
        [
            3.4328219890594482,
            0.18954280018806458
        ],
        [
            3.3600873947143555,
            0.20376242697238922
        ],
        [
            3.3036739826202393,
            0.21554096043109894
        ],
        [
            3.256511688232422,
            0.22436164319515228
        ],
        [
            3.218992233276367,
            0.23249931633472443
        ],
        [
            3.185838460922241,
            0.23909927904605865
        ],
        [
            3.15557599067688,
            0.24297989904880524
        ],
        [
            3.130659341812134,
            0.2495998740196228
        ],
        [
            3.1059858798980713,
            0.2559240460395813
        ],
        [
            3.084662437438965,
            0.2594802677631378
        ],
        [
            3.0120320320129395,
            0.278807669878006
        ],
        [
            3.0016698837280273,
            0.2805454730987549
        ],
        [
            2.9973533153533936,
            0.28332391381263733
        ],
        [
            2.993980646133423,
            0.2818624973297119
        ],
        [
            2.9916832447052,
            0.2832626402378082
        ],
        [
            2.9879705905914307,
            0.2842235565185547
        ],
        [
            2.9831039905548096,
            0.2857658863067627
        ],
        [
            2.975090980529785,
            0.28710293769836426
        ],
        [
            2.974292755126953,
            0.2877459228038788
        ],
        [
            2.9719669818878174,
            0.2878844141960144
        ],
        [
            2.972543954849243,
            0.28812357783317566
        ],
        [
            2.9724013805389404,
            0.28858035802841187
        ],
        [
            2.9717628955841064,
            0.2875828146934509
        ],
        [
            2.9708049297332764,
            0.2884790599346161
        ],
        [
            2.972294807434082,
            0.28668341040611267
        ]
    ]
}