{
    "batch_size": 64,
    "learning_rate": [
        0.0010000000474974513,
        0.0010000000474974513,
        0.0010000000474974513,
        0.0010000000474974513,
        0.0010000000474974513,
        0.0010000000474974513,
        0.0010000000474974513,
        0.0010000000474974513,
        0.0010000000474974513,
        0.0010000000474974513,
        0.0010000000474974513,
        0.0010000000474974513,
        0.0010000000474974513,
        0.0010000000474974513,
        0.0010000000474974513,
        9.999999747378752e-05,
        9.999999747378752e-05,
        9.999999747378752e-05,
        9.999999747378752e-05,
        9.999999747378752e-05,
        9.999999747378752e-05,
        9.999999747378752e-05,
        9.999999747378752e-06,
        9.999999747378752e-06,
        9.999999747378752e-06,
        9.999999747378752e-06,
        9.999999747378752e-06,
        9.999999747378752e-06,
        9.999999747378752e-06,
        9.999999747378752e-06
    ],
    "nb_epoch": 30,
    "optimizer": {
        "amsgrad": false,
        "beta_1": 0.8999999761581421,
        "beta_2": 0.9990000128746033,
        "decay": 0.0,
        "epsilon": 1e-08,
        "lr": 9.999999747378752e-06
    },
    "test_loss": [
        [
            1.685702534675598,
            0.4125
        ],
        [
            1.4125235387802124,
            0.4858
        ],
        [
            1.228098650932312,
            0.577
        ],
        [
            1.1897640639305114,
            0.6144
        ],
        [
            1.1552107873916626,
            0.6102
        ],
        [
            1.0588844378471374,
            0.6415
        ],
        [
            1.072252811908722,
            0.6544
        ],
        [
            1.1197508861541747,
            0.6291
        ],
        [
            1.2118022983551024,
            0.5892
        ],
        [
            0.9136197885513305,
            0.7115
        ],
        [
            1.1272409545898439,
            0.6126
        ],
        [
            0.9001299030303955,
            0.7336
        ],
        [
            0.9695751898765564,
            0.6906
        ],
        [
            0.7862500215530396,
            0.7754
        ],
        [
            0.915714113521576,
            0.7236
        ],
        [
            0.6608001597881317,
            0.8286
        ],
        [
            0.6546180305957794,
            0.8287
        ],
        [
            0.6452455407142639,
            0.8348
        ],
        [
            0.6495762424945831,
            0.8298
        ],
        [
            0.6400081223011017,
            0.8355
        ],
        [
            0.642901871585846,
            0.8333
        ],
        [
            0.6391102387428284,
            0.8353
        ],
        [
            0.6254100109100342,
            0.8409
        ],
        [
            0.624725857925415,
            0.8419
        ],
        [
            0.6245945164203643,
            0.8415
        ],
        [
            0.6241459314346314,
            0.8422
        ],
        [
            0.6247322147846222,
            0.8411
        ],
        [
            0.6230479372501373,
            0.8422
        ],
        [
            0.6235875668525696,
            0.842
        ],
        [
            0.62340670003891,
            0.8418
        ]
    ],
    "train_loss": [
        [
            1.9417691230773926,
            0.3438410758972168
        ],
        [
            1.4926643371582031,
            0.5210253000259399
        ],
        [
            1.2863529920578003,
            0.5873060822486877
        ],
        [
            1.1769269704818726,
            0.627885103225708
        ],
        [
            1.1025506258010864,
            0.6613013744354248
        ],
        [
            1.0445632934570312,
            0.6863860487937927
        ],
        [
            0.9907382130622864,
            0.7094188332557678
        ],
        [
            0.9421976208686829,
            0.7283505201339722
        ],
        [
            0.8967861533164978,
            0.7433505654335022
        ],
        [
            0.8580865263938904,
            0.7563167214393616
        ],
        [
            0.8241057395935059,
            0.7674462199211121
        ],
        [
            0.794527530670166,
            0.7778977155685425
        ],
        [
            0.7648815512657166,
            0.7877811789512634
        ],
        [
            0.7376900911331177,
            0.7970314621925354
        ],
        [
            0.7138501405715942,
            0.8058615922927856
        ],
        [
            0.6780225038528442,
            0.8206525444984436
        ],
        [
            0.6719451546669006,
            0.8245117664337158
        ],
        [
            0.6682745218276978,
            0.8255274295806885
        ],
        [
            0.6659185886383057,
            0.8264155983924866
        ],
        [
            0.6629877686500549,
            0.8275949358940125
        ],
        [
            0.6597179174423218,
            0.8280603885650635
        ],
        [
            0.6579892635345459,
            0.8291624784469604
        ],
        [
            0.6530992984771729,
            0.8318436741828918
        ],
        [
            0.6530886292457581,
            0.8318151831626892
        ],
        [
            0.6522778272628784,
            0.8316135406494141
        ],
        [
            0.652480959892273,
            0.8312146067619324
        ],
        [
            0.6524075865745544,
            0.8312438726425171
        ],
        [
            0.652165412902832,
            0.830894947052002
        ],
        [
            0.6506382822990417,
            0.8315821886062622
        ],
        [
            0.6512056589126587,
            0.8325294256210327
        ]
    ]
}